Negative Keyword,Match Type
improv classes,Phrase
improv games,Phrase
improv prompts,Phrase
improv club,Phrase
improv exercises,Phrase
improv lesson plans,Phrase
theatre improvisation,Phrase
theatrical improvisation,Phrase
jay 9 dance,Phrase
jay9 dance centre,Phrase
pineapple dance studios,Phrase
kpop,Phrase
hip hop,Phrase
aerial dance,Phrase
ballet,Phrase
contemporary,Phrase
choreography,Phrase
choreographer,Phrase
ndca,Phrase
marameo contact jam,Phrase
easy dance moves,Phrase
forward dance,Phrase
dance of 3 steps,Phrase
make a dance choreography,Phrase
tap dance,Phrase
salsa,Phrase
jazz dance,Phrase
yoga,Phrase
